run_id,arm,repeat,wall_s,parent_in,parent_out,parent_thinking,parent_cache_read,worker_in,worker_out,worker_count,server_enabled_observed,delegated,files_written,verified,agy_status,void_reason
A-1-1789865851,A,1,45.2,78114,7166,0,277204,0,0,0,False,False,4,True,SUCCESS,
B-1-1789865896,B,1,38.5,65566,7444,0,138684,0,0,0,True,False,4,True,SUCCESS,
C-1-1789865935,C,1,40.5,34438,1157,0,24364,170914,8535,4,True,True,4,True,SUCCESS,
A-1-1789865988,A,1,48.7,99582,8357,0,342452,0,0,0,False,False,4,True,SUCCESS,
B-1-1789866038,B,1,30.0,91399,4824,0,110128,0,0,0,True,False,4,True,SUCCESS,
C-1-1789866068,C,1,40.1,47830,1192,0,24361,153767,7817,4,True,True,4,True,SUCCESS,
A-2-1789866109,A,2,43.0,98304,6382,0,224235,0,0,0,False,False,4,True,SUCCESS,
B-2-1789866153,B,2,45.7,76412,7694,0,244641,0,0,0,True,False,4,True,SUCCESS,
C-2-1789866199,C,2,58.4,64160,1185,0,8121,240581,12424,4,True,True,4,True,SUCCESS,
A-1-1789954385,A,1,62.7,142615,8175,0,216055,0,0,0,False,False,4,True,SUCCESS,
B-1-1789954450,B,1,57.3,83782,12562,3829,301792,0,0,0,True,False,4,True,SUCCESS,
C-1-1789954508,C,1,50.1,62551,2298,1192,12188,166724,9294,4,True,True,4,True,SUCCESS,
A-2-1789954558,A,2,55.1,144008,7745,0,224286,0,0,0,False,False,4,True,SUCCESS,
B-2-1789954614,B,2,43.5,139062,6275,0,175292,0,0,0,True,False,4,True,SUCCESS,
C-2-1789954658,C,2,53.9,66162,2214,1097,8120,230250,8929,4,True,True,4,True,SUCCESS,
