run_id,task,arm,repeat,wall_s,parent_in,parent_out,parent_thinking,parent_cache_read,num_turns,worker_in,worker_out,worker_count,score_hits,score_total,score_false,accuracy,precision,parse_ok,hit_timeout,server_enabled_observed,delegated,cached_hits,agy_status,void_reason
A-1-1789974474,audit,A,1,145.4,203560,10973,5767,982908,1,0,0,0,12,12,0,1.0,1.0,True,False,False,False,0,SUCCESS,
C-1-1789974619,audit,C,1,117.4,61718,1698,0,12185,1,734254,10999,4,12,12,0,1.0,1.0,True,False,True,True,0,SUCCESS,
A-1-1789974737,extract,A,1,47.4,152040,1556,0,264463,1,0,0,0,12,12,0,1.0,1.0,True,False,False,False,0,SUCCESS,
C-1-1789974785,extract,C,1,86.5,112242,1817,0,54584,1,324976,4014,4,12,12,0,1.0,1.0,True,False,True,True,0,SUCCESS,
A-2-1789974872,audit,A,2,126.5,386517,10865,0,1323794,1,0,0,0,12,12,0,1.0,1.0,True,False,False,False,0,SUCCESS,
C-2-1789974999,audit,C,2,129.5,65839,1480,0,8124,1,698027,9868,4,12,12,0,1.0,1.0,True,False,True,True,0,SUCCESS,
A-2-1789975129,extract,A,2,44.2,126625,1491,0,240022,1,0,0,0,12,12,0,1.0,1.0,True,False,False,False,0,SUCCESS,
C-2-1789975173,extract,C,2,93.3,54563,1789,0,44644,1,357153,4978,4,12,12,0,1.0,1.0,True,False,True,True,0,SUCCESS,
A-3-1789975267,audit,A,3,77.6,180453,3651,0,556941,1,0,0,0,12,12,0,1.0,1.0,True,False,False,False,0,SUCCESS,
C-3-1789975345,audit,C,3,119.0,73930,1401,0,0,1,662926,8192,4,12,12,0,1.0,1.0,True,False,True,True,0,SUCCESS,
A-3-1789975464,extract,A,3,45.4,93942,1312,0,309758,1,0,0,0,12,12,0,1.0,1.0,True,False,False,False,0,SUCCESS,
C-3-1789975510,extract,C,3,68.1,120857,1878,0,64932,1,225350,2275,4,12,12,0,1.0,1.0,True,False,True,True,0,SUCCESS,
A-4-1789975579,audit,A,4,158.0,476080,6433,0,1941249,1,0,0,0,12,12,0,1.0,1.0,True,False,False,False,0,SUCCESS,
C-4-1789975737,audit,C,4,99.5,73867,1427,0,0,1,602869,12506,4,12,12,0,1.0,1.0,True,False,True,True,0,SUCCESS,
A-4-1789975837,extract,A,4,60.7,121220,1456,0,170650,1,0,0,0,12,12,0,1.0,1.0,True,False,False,False,0,SUCCESS,
C-4-1789975898,extract,C,4,93.0,109272,2054,0,56806,1,318186,2871,4,12,12,0,1.0,1.0,True,False,True,True,0,SUCCESS,
